Nombre,Estado,Canal,Teléfono 1,Email,Web,Notas,Ciudad,Carencias,Nº actividades,Oportunidad,Mensaje de contacto,Fecha primer contacto,Linkedin,Número de actividades,Creada,Actividades,Fuente de adquisición,Fecha seguimiento,Responsable,Actividades1,Último seguimiento,Días sin contacto,🚨 Lead Atrasado,Ventas,Mes y año
Clínica de Fisioterapia y osteopatía en Granada ️ Bonadea. Fisioterapeuta en Granada - Osteópatas en Granada.,Pendiente,,,,https://clinicabonadea.com/,,granada,,0,,,,,0,20/5/2026 12:22pm,,,,Ana,,,,,,May 2026
Fisioterapia Invicto Granada | Ecografía y Rehabilitación,Pendiente,,,,https://saludinvicto.es/,,granada,,0,,,,,0,20/5/2026 12:22pm,,,,Ana,,,,,,May 2026
fisioterapia Inmaculada Moya,Pendiente,,,,https://fisioterapiainmamoya.es/,,granada,,0,,,,,0,20/5/2026 12:22pm,,,,Ana,,,,,,May 2026
FISIOTERAPIA SOL,Pendiente,,,fisioterapiasol@gmail.com,https://fisioterapiasol.com/,,granada,,0,,,,,0,20/5/2026 12:21pm,,,,Ana,,,,,,May 2026
Clínica Fisioterapia Gallardo. Fisioterapia Avanzada y Osteopatía. Resonancia Magnética Terapéutica MBST.,Pendiente,,,,https://fisiogallardo.com/,,granada,,0,,,,,0,20/5/2026 12:21pm,,,,Ana,,,,,,May 2026
Physiotherapy and Pilates center Carmen Rojas,Pendiente,,,,https://carmenrojasfisioterapia.es/,,granada,,0,,,,,0,20/5/2026 12:21pm,,,,Ana,,,,,,May 2026
Irémise Fisioterapia | Fisioterapia en Granada,Pendiente,,,,https://iremisefisioterapia.es/,,granada,,0,,,,,0,20/5/2026 12:21pm,,,,Ana,,,,,,May 2026
Centro de fisioterapia y fisioestética Patricia Peña,Pendiente,,,,https://fisioterapiapatriciapena.com/,,granada,,0,,,,,0,20/5/2026 12:21pm,,,,Ana,,,,,,May 2026
Fisioterapia Granada | Higea Fisioterapia,Pendiente,,,higeafisioterapiagr@gmail.com,https://higeafisio.es/,,granada,,0,,,,,0,20/5/2026 12:21pm,,,,Ana,,,,,,May 2026
Fisioterapia Mila Mesas - Centro de Fisioterapia y Shiatsu en Granada,Pendiente,,,milamesas12@gmail.com,https://fisioterapiamilagranada.es/?utm_source=googlemybusiness,,granada,,0,,,,,0,20/5/2026 12:21pm,,,,Ana,,,,,,May 2026
Martínez Plaza Fisioterapia,Pendiente,,,,https://martinezplazafisioterapia.com/,,granada,,0,,,,,0,20/5/2026 12:21pm,,,,Ana,,,,,,May 2026
Miguel Peña | Fisioterapia y Osteopatía Granada,Pendiente,,,,https://miguelpenaosteopata.com/,,granada,,0,,,,,0,20/5/2026 12:21pm,,,,Ana,,,,,,May 2026
Centro de Fisioterapia y Medicina Rehabilitadora San Rafael,Pendiente,,,,https://sjdgranada.es/,,granada,,0,,,,,0,20/5/2026 12:21pm,,,,Ana,,,,,,May 2026
Flor Trujillo Fisioterapia y Osteopatía,Pendiente,,,,https://flortrujillofisioterapia.com/,,granada,,0,,,,,0,20/5/2026 12:21pm,,,,Ana,,,,,,May 2026
Fisioterapia Granada | ACTIVA GRANADA,Pendiente,,,fisioterapiaactivagranada@gmail.com,https://fisioterapiaactivagranada.es/,,granada,,0,,,,,0,20/5/2026 12:21pm,,,,Ana,,,,,,May 2026
Fisioterapia Avanzada en Granada | Salvador Mora,Pendiente,,,,https://salvadormora.es/,,granada,,0,,,,,0,20/5/2026 12:21pm,,,,Ana,,,,,,May 2026
[Fisioterapia Granada] HUMAN Centro de Fisioterapia y Readaptación,Pendiente,,,humancentrofisioterapia@gmail.com,https://humanfisioterapiagranada.com/,,granada,,0,,,,,0,20/5/2026 12:21pm,,,,Ana,,,,,,May 2026
Fisioterapia en Granada Carrillo,Pendiente,,,,https://fisioterapiacarrillo.com/,,granada,,0,,,,,0,20/5/2026 12:21pm,,,,Ana,,,,,,May 2026
Fisioterapia Granada,Pendiente,,,,https://fisioterapia-granada.es/,,granada,,0,,,,,0,20/5/2026 12:21pm,,,,Ana,,,,,,May 2026
Centro de Fisioterapia Jorge Hernández,Pendiente,,,,https://jorgehernandezfisio.es/,,granada,,0,,,,,0,20/5/2026 12:21pm,,,,Ana,,,,,,May 2026
Velgar Catering,Contactado,Email,625 982 470,holavelgar@gmail.com,cateringvelgar.es,,Granada,Email de Gmail poco profesional para clientes corporativos. Sin formulario de presupuesto automatizado.,1,,,,,1,19/5/2026 4:54pm,Velgar Catering - Email,,,,19/5/2026,19/5/2026,22,,,May 2026
La Borraja Catering,Contactado,Email,958 165 291,info@laborraja.com,laborraja.com,,Granada,Sin sistema automático de presupuestos. Proceso de captación manual y lento para un servicio de alto ticket.,1,,,,,1,19/5/2026 4:54pm,La Borraja Catering - Email,,,,19/5/2026,19/5/2026,22,,,May 2026
NOS Studio Pilates,Contactado,Email,622 889 289,nospilatesestudio@gmail.com,nospilates.es,,Granada,Sin recepción fija y sin bot de reservas. Gmail. Pierde alumnos que escriben y no reciben respuesta rápida.,1,,,,,1,19/5/2026 4:54pm,NOS Studio Pilates - Email,,,,20/5/2026,20/5/2026,21,,,May 2026
Dacisa Inmobiliaria,Contactado,Email,958 273 570,info@dacisa.com,dacisa.com,,Granada,Sin visitas virtuales. Sin alertas automáticas de propiedades. Sin seguimiento de compradores potenciales.,1,,,,,1,19/5/2026 4:54pm,Dacisa Inmobiliaria - Email,,,,19/5/2026,19/5/2026,22,,,May 2026
JM Santander Asesoría,Contactado,Email,670 605 385,jm@jmsantander.com,jmsantander.com,José Manuel,Granada,Profesional independiente sin automatización. Tiempo billable perdido en tareas repetitivas. Sin sistema de captación de nuevos clientes.,1,,,,,1,19/5/2026 4:54pm,JM Santander Asesoría - Email,,,,19/5/2026,19/5/2026,22,,,May 2026
Artesano de la Luz,Contactado,Email,648 828 232,info@artesanodelaluz.com,artesanodelaluz.com,David,Granada,Sin SEO local para Granada. Solo le encuentran si ya saben su nombre. Sin página específica para bodas en Granada.,1,,,,,1,19/5/2026 4:54pm,Artesano de la Luz - Email,,,,20/5/2026,20/5/2026,21,,,May 2026
Inlingua Granada,Contactado,Email,958 216 457,granada@inlingua.es,inlinguagranada.es,,Granada,3 sedes sin sistema unificado de captación. Sin respuesta automática fuera de horario. Web corporativa genérica.,1,,,,,1,19/5/2026 4:54pm,Inlingua Granada - Email,,,,19/5/2026,19/5/2026,22,,,May 2026
Instituto Kelington,Contactado,Email,958 200 308,info@kelington.es,kelington.es,,Granada,Sin matrícula online. Sin respuesta automática fuera de horario. Web desactualizada para 30 años de academia.,1,,,,,1,19/5/2026 4:54pm,Instituto Kelington - Email,,,,19/5/2026,19/5/2026,22,,,May 2026
Inmobiliaria Granada Oeste,Contactado,Email,858 704 423,info@granadaoeste.es,inmobiliariagranadaoeste.es,,Granada,Sin respuesta rápida automatizada. Agencia pequeña que pierde frente a portales grandes por velocidad de respuesta.,1,,,,,1,19/5/2026 4:54pm,Inmobiliaria Granada Oeste - Email,,,,19/5/2026,19/5/2026,22,,,May 2026
Advance Interiorismo,Contactado,Email,958 260 000,info@advanceinteriorismo.com,advanceinteriorismo.com,,Granada,Sin SEO. Sin casos de proyecto documentados en blog. Sin formulario de captación que cualifique leads.,1,,,,,1,19/5/2026 4:54pm,Advance Interiorismo - Email,,,,20/5/2026,20/5/2026,21,,,May 2026
Escuela Flamenca Mariquilla,Contactado,Email,958 292 310,mariquilladanza@hotmail.com,mariquilla.com,,Granada,Email de Hotmail. Web muy desactualizada. Sin preinscripción online. No atrae alumno internacional.,1,,,,,1,19/5/2026 4:54pm,Escuela Flamenca Mariquilla - Email,,,,19/5/2026,19/5/2026,22,,,May 2026
Cocobolo Interiorismo,Contactado,Email,633 444 717,cocobolointeriorismo@gmail.com,cocobolointeriorismo.com,,Granada,Email de Gmail. Sin email profesional. Sin formulario que cualifique el proyecto y presupuesto del cliente.,1,,,,,1,19/5/2026 4:54pm,Cocobolo Interiorismo - Email,,,,20/5/2026,20/5/2026,21,,,May 2026
Clínica Veterinaria Salón,Contactado,Email,611 156 511,clinicaveterinariasalon@gmail.com,clinicaveterinariasalon.es,,Granada,Email de Gmail. Sin citas online. Clientes tienen que llamar en horario de consulta.,1,,,,,1,19/5/2026 4:54pm,Clínica Veterinaria Salón - Email,,,,20/5/2026,20/5/2026,21,,,May 2026
Gestoría Gispegra,Contactado,Email,958 124 636,gispegra@economistas.org,gestoriagispegra.com,,Granada,Web estática sin respuestas a preguntas frecuentes. Sin chatbot. Sin captación automatizada de leads.,1,,,,,1,19/5/2026 4:54pm,Gestoría Gispegra - Email,,,,19/5/2026,19/5/2026,22,,,May 2026
IMG Creativos,Contactado,Email,615 108 676,info@imgcreativos.es,imgcreativos.es,,Granada,Sin seguimiento automático de presupuestos enviados. Pierde clientes por falta de seguimiento post-consulta.,1,,,,,1,19/5/2026 4:54pm,IMG Creativos - Email,,,,20/5/2026,20/5/2026,21,,,May 2026
Gestoría Luvic,Contactado,Email,958 372 729,info@gestorialuvic.com,gestorialuvic.es,Elisabeth,Granada,Onboarding de nuevos clientes 100% manual. Sin recogida automatizada de documentos. Tiempo perdido en idas y venidas.,1,,,,,1,19/5/2026 4:54pm,Gestoría Luvic - Email,,,,19/5/2026,19/5/2026,22,,,May 2026
Sulá Pilates,Contactado,Email,671 158 592,info@sulapilates.com,sulapilates.com,,Granada,Solo en castellano. Pierde clientes internacionales del Realejo. Sin SEO en inglés.,1,,,,,1,19/5/2026 4:54pm,Sulá Pilates - Email,,,,20/5/2026,20/5/2026,21,,,May 2026
Kore Studio Pilates,Contactado,Email,629 707 319,info@korestudiopilates.es,korestudiopilates.es,,Granada,Sin SEO específico para pilates con máquinas. Sin onboarding automatizado de nuevos alumnos.,1,,,,,1,19/5/2026 4:54pm,Kore Studio Pilates - Email,,,,20/5/2026,20/5/2026,21,,,May 2026
IML Granada,Contactado,Email,958 225 898,info@imlgranada.com,imlgranada.com,,Granada,Web muy antigua (desde 1954). Sin matrícula online. Sin respuesta automática. No conecta con alumnos jóvenes.,1,,,,,1,19/5/2026 4:54pm,IML Granada - Email,,,,19/5/2026,19/5/2026,22,,,May 2026
DTR Studio,Contactado,Email,958 222 957,dtr@dtr-studio.es,dtr-studio.es,,Granada,Sin funnel bilingüe. Tráfico internacional sin sistema de captación. Sin seguimiento automático de leads.,1,,,,,1,19/5/2026 4:54pm,DTR Studio - Email,,,,19/5/2026,19/5/2026,22,,,May 2026
Diana Luján Fotografía,Contactado,Email,609 303 055,dianalujanfotografia@hotmail.com,dianalujanfoto.com,,Granada,Email de Hotmail resta profesionalidad. Sin respuesta automática. Imagen no está a la altura del trabajo.,1,,,,,1,19/5/2026 4:54pm,Diana Luján Fotografía - Email,,,,20/5/2026,20/5/2026,21,,,May 2026
Miguel Moba Fotógrafo,Contactado,Email,653 477 679,info@miguelmoba.com,miguelmoba.com,,Granada,Sin SEO para bodas en localizaciones concretas de Granada. Depende de recomendaciones para nuevos clientes.,1,,,,,1,19/5/2026 4:54pm,Miguel Moba Fotógrafo - Email,,,,20/5/2026,20/5/2026,21,,,May 2026
Fran Ménez Fotógrafo,Contactado,Email,652 592 145,franmenez@franmenez.com,franmenez.com,Fran,Granada,Sin SEO por localizaciones de boda en Granada. Sin respuesta automática a presupuestos. Depende del boca a boca.,1,,,,,1,19/5/2026 4:54pm,Fran Ménez Fotógrafo - Email,,,,20/5/2026,20/5/2026,21,,,May 2026
MJ Asesores,Contactado,Email,958 076 152,grupo@mjasesores.es,mjasesores.es,,Granada,Sin chatbot para resolver dudas frecuentes. Sin pre-cualificación automática de clientes. Sin lead nurturing.,1,,,,,1,19/5/2026 4:54pm,MJ Asesores - Email,,,,19/5/2026,19/5/2026,22,,,May 2026
Inmobiliaria Gestión Granada,Contactado,Email,958 272 727,info@inmobiliariagestiongranada.com,inmobiliariagestiongranada.com,,Granada,Sin seguimiento automático de leads. Pierde compradores que no reciben respuesta en 30 minutos.,1,,,,,1,19/5/2026 4:54pm,Inmobiliaria Gestión Granada - Email,,,,19/5/2026,19/5/2026,22,,,May 2026
Clínica Argos Veterinaria,Contactado,Email,958 412 003,contacto@argosveterinaria.com,argosveterinaria.com,,Maracena (Granada),Dos clínicas sin recordatorios automáticos de vacunas y revisiones. Pierde visitas recurrentes.,1,,,,,1,19/5/2026 4:54pm,Clínica Argos Veterinaria - Email,,,,20/5/2026,20/5/2026,21,,,May 2026
ARTECSO Arquitectura e Ingeniería,Contactado,Email,958 973 935,info@artecso.es,artecso.es,,Granada,Sin blog ni SEO local. No aparece en búsquedas de arquitecto en Granada. Sin captación de leads.,1,,,,,1,19/5/2026 4:54pm,ARTECSO Arquitectura e Ingeniería - Email,,,,19/5/2026,19/5/2026,22,,,May 2026
Violón Alminares,Contactado,Email,958 133 662,info@violonalminares.com,violonalminares.com,,Granada,Sin herramienta de valoración online. No capta propietarios que buscan tasación antes de llamar.,1,,,,,1,19/5/2026 4:54pm,Violón Alminares - Email,,,,19/5/2026,19/5/2026,22,,,May 2026
Be English Granada,Contactado,Email,958 056 506,info@be-english.es,be-english.es,,Granada,Sin respuesta automática a consultas. Sin sistema de clase de prueba online. Pierde alumnos que no reciben respuesta rápida.,1,,,,,1,19/5/2026 4:54pm,Be English Granada - Email,,,,19/5/2026,19/5/2026,22,,,May 2026
Escuela de Danza Lucía Guarnido,Contactado,Email,958 255 662,info@luciaguarnido.com,luciaguarnido.com,,Granada,Gestión 100% manual por la propia Lucía. Sin sistema de reserva de clases. Sin recordatorios automáticos.,1,,,,,1,19/5/2026 4:54pm,Escuela de Danza Lucía Guarnido - Email,,,,20/5/2026,20/5/2026,21,,,May 2026
Fisioterapia Mila Mesas - Centro de Fisioterapia y Shiatsu en Granada,Pendiente,,,milamesas12@gmail.com,https://fisioterapiamilagranada.es/?utm_source=googlemybusiness,,granada,,0,,,,,0,19/5/2026 4:43pm,,,,Ana,,,,,,May 2026
Fisioterapia Granada | ACTIVA GRANADA,Pendiente,,,fisioterapiaactivagranada@gmail.com,https://fisioterapiaactivagranada.es/,,granada,,0,,,,,0,19/5/2026 4:42pm,,,,Ana,,,,,,May 2026
Fisioterapia Granada | Higea Fisioterapia,Pendiente,,,higeafisioterapiagr@gmail.com,https://higeafisio.es/,,granada,,0,,,,,0,19/5/2026 4:42pm,,,,Ana,,,,,,May 2026
Fisioterapia Valenza,Pendiente,Llamada,958 262 362,,fisioterapiavalenza.es,,,,0,,,,,0,16/5/2026 2:10am,,,,,,,,,,May 2026
Fisioterapia Zaidín,Contactado,Email,644 38 51 16,contacto@fisioterapiazaidin.es,fisioterapiazaidin.es,,,,1,,,,,1,16/5/2026 2:08am,Fisioterapia Zaidín - Email,,,,18/5/2026,18/5/2026,23,,,May 2026
Impulsa Fisioterapia,Contactado,Email, 656 635 171,info@impulsafisioterapia.com,mpulsafisioterapia.com ,,,,1,,,,,1,16/5/2026 2:07am,Impulsa Fisioterapia - Email,,,,18/5/2026,18/5/2026,23,,,May 2026
Fisioterapia y Osteopatía del Sur,Contactado,Email,626 072 031,fisiocrp@gmail.com,fisioterapiayosteopatiadelsur.com,,,,1,,,,,1,16/5/2026 2:05am,Fisioterapia y Osteopatía del Sur - Email,,,,18/5/2026,18/5/2026,23,,,May 2026
CIRTEMA Granada,Contactado,Email, 675 806 046,cirtemagranada@gmail.com,cirtemagranada.com,,,,1,,,,,1,16/5/2026 2:03am,CIRTEMA Granada - Email,,,,18/5/2026,18/5/2026,23,,,May 2026
FisioClínica Carlos Molina,Contactado,Email,606 23 18 88,hola@fisioclinicacm.es,fisioclinicacm.es,,,,1,,,,,1,16/5/2026 2:01am,FisioClínica Carlos Molina - Email,,,,18/5/2026,18/5/2026,23,,,May 2026
Clínica Bonadea,Contactado,Email,610 39 69 23,info@clinicabonadea.com,clinicabonadea.com,,,,1,,,,,1,16/5/2026 1:59am,Clínica Bonadea - Email,,,,18/5/2026,18/5/2026,23,,,May 2026
FisioGallardo,Contactado,Email,618 436 885,info@fisiogallardo.com,fisiogallardo.com,,,,1,,,,,1,16/5/2026 1:57am,FisioGallardo - Email,,,,18/5/2026,18/5/2026,23,,,May 2026
Manuel Cuenca Fisioterapia,Pendiente,Email,670 839 468,info@manuelcuencafisioterapia.com,manuelcuencafisioterapia.com,,,,1,,,,,1,15/5/2026 7:16pm,Manuel Cuenca Fisioterapia - Email,,,,15/5/2026,15/5/2026,26,,,May 2026
Clínica Veterinaria Granada,Pendiente,Llamada,640 80 52 14,vetergranada@cvgranada.com,cvgranada.com ,,,,1,,,,,1,15/5/2026 1:03pm,Clínica Veterinaria Granada - Llamada,,,,15/5/2026,15/5/2026,26,,,May 2026
Granada Psique,Pendiente,Email,693 701 737,contacto@granadapsique.com,granadapsique.com,,,,0,,,,,0,15/5/2026 12:59pm,,,,,,,,,,May 2026
Alarcón Psicólogos,No lo coge,Llamada,640 66 79 50,,alarconpsicologos.com,,,,1,,,,,1,15/5/2026 12:53pm,Alarcón Psicólogos - Llamada,,,,15/5/2026,15/5/2026,26,,,May 2026
Centro Logopeda Granada,Contactado,Email,644 154 028,info@centrologopeda.com,centrologopeda.com ,,,,1,,,,,1,15/5/2026 12:19pm,Centro Logopeda Granada - Email,,,,15/5/2026,15/5/2026,26,,,May 2026
Logofon Logopedia,Perdido,Llamada,649 972 773,hola@logopedaengranada.com,https://logopedaengranada.com/,"No lo veo
",,,2,,,,,2,15/5/2026 12:18pm,"Logofon Logopedia - Email,Logofon Logopedia - Llamada",,,,18/5/2026,18/5/2026,23,,,May 2026
HABLA Logopedia,Perdido,Llamada,644 55 44 98,tulogopedaengranada@gmail.com,tulogopedaengranada.com,Carmen,,,2,,,,,2,15/5/2026 12:17pm,"HABLA Logopedia - Email,HABLA Logopedia - Llamada",,,,18/5/2026,18/5/2026,23,,,May 2026
Clínica Esfera Logopedia,Contactado,Llamada,958 20 98 19,contacto@esferagranada.es,https://esferagranada.es/conocenos/,"Noemí. Enviar correo con información
",,,3,,,,,3,15/5/2026 12:15pm,"Clínica Esfera Logopedia - Email,Clínica Esfera Logopedia - Llamada,Clínica Esfera Logopedia - Email",,,,19/5/2026,19/5/2026,22,,,May 2026
FotoBoda Granada,Pendiente,Llamada,958 127 942,info@fotoboda.org,fotoboda.org,,,,1,,,,,1,15/5/2026 12:14pm,FotoBoda Granada - Email,,,,15/5/2026,15/5/2026,26,,,May 2026
Pablo Castro Fotografía,Pendiente,Llamada,673 282 188,pablocastrofotografia@gmail.com,pablocastrofotografia.com,,,,1,,,,,1,15/5/2026 12:13pm,Pablo Castro Fotografía - Email,,,,15/5/2026,15/5/2026,26,,,May 2026
Numen Granada Fotografía,Contactado,Email,624 139 195,numengranada@gmail.com,numengranada.com,,,,1,,,,,1,15/5/2026 12:12pm,Numen Granada Fotografía - Email,,,,15/5/2026,15/5/2026,26,,,May 2026
Ángel Blanco Fotógrafos,Contactado,Email,958 133 170,contacto@angelblancofotografos.es,angelblancofotografos.es,,,,1,,,,,1,15/5/2026 12:11pm,Ángel Blanco Fotógrafos - Email,,,,15/5/2026,15/5/2026,26,,,May 2026
Óptica PTS Granada,Contactado,Email,958 164 311,opticapts@vistaoptica.com,opticapts.es,,,,1,,,,,1,15/5/2026 12:10pm,Óptica PTS Granada - Email,,,,15/5/2026,15/5/2026,26,,,May 2026
Óptica Entregafas,Contactado,Email,958 966 431,info@entregafas.com,entregafas.com,,,,1,,,,,1,15/5/2026 12:09pm,Óptica Entregafas - Email,,,,15/5/2026,15/5/2026,26,,,May 2026
Clínica Veterinaria Campus,Contactado,Email,958 992 433,info@cvcampus.com,veterinariogranada.com,,,,1,,,,,1,15/5/2026 12:07pm,Clínica Veterinaria Campus - Email,,,,15/5/2026,15/5/2026,26,,,May 2026
Clínica Salus Granada,Contactado,Email,640 031 833,info@clinica-salus.com,info@clinica-salus.com,,,,1,,,,,1,15/5/2026 12:06pm,Clínica Salus Granada - Email,,,,15/5/2026,15/5/2026,26,,,May 2026
Podología Elena García,Contactado,Email,659 69 40 70,podologiaelenagarcia@gmail.com,podologiaelenagarcia.com ,,,,1,,,,,1,15/5/2026 12:04pm,Podología Elena García - Email,,,,15/5/2026,15/5/2026,26,,,May 2026
Dr. Andrés Gallo Erena,Contactado,Email,,andresgalloe@gmail.com,mediconutricionistagalloerena.com,,,,1,,,,,1,15/5/2026 12:03pm,Dr. Andrés Gallo Erena - Email,,,,15/5/2026,15/5/2026,26,,,May 2026
Centro Ángela Moreno,Contactado,Email,617 847 937,info@angelamorenonutricion.com,angelamorenonutricion.com,,,,1,,,,,1,15/5/2026 12:01pm,Centro Ángela Moreno - Email,,,,15/5/2026,15/5/2026,26,,,May 2026
Mayte García Nutrición,Contactado,Email,665 217 152,nfo@maytegarcianutricion.com,maytegarcianutricion.com,,,,1,,,,,1,15/5/2026 12:00pm,Mayte García Nutrición - Email,,,,15/5/2026,15/5/2026,26,,,May 2026
Nuria Romero Nutricionista,Contactado,Email,,nuriaromeronutricionista@gmail.com,,,,,1,,,,,1,15/5/2026 11:58am,Nuria Romero Nutricionista - Email,,,,15/5/2026,15/5/2026,26,,,May 2026
TorresCollados Abogados,Pendiente,,625 58 22 38,,https://www.torrescolladosabogados.com,,,Sin email visible · Sin chatbot IA · Sin automatizaciones de captación de consultas,0,MEDIA,"Hola, soy [Tu nombre] y trabajo con despachos de abogados en Granada. Tenéis blog, redes y formulario de cita — buena base. Lo que falta es un chatbot de IA que atienda al cliente potencial fuera de horario y lo cualifique antes de que llegue a vosotros. ¿Hablamos?",,"Hola, soy [Tu nombre] y trabajo con despachos de abogados en Granada. Tenéis blog, redes y formulario de cita — buena base. Lo que falta es un chatbot de IA que atienda al cliente potencial fuera de horario y lo cualifique antes de que llegue a vosotros. ¿Hablamos?",0,6/5/2026 4:22pm,,,,,,,,,,May 2026
Agatha Beauty,Pendiente,,958 20 06 01,,https://agatha.beauty,,,Sin email visible · Sin redes sociales visibles en web · Sin automatizaciones de fidelización,0,MEDIA,"Hola, me llamo [Tu nombre] y ayudo a centros de estética en Granada. Tenéis citas online y buena oferta de servicios. Lo que potenciaría vuestros resultados es un sistema de seguimiento post-visita — mensajes automáticos que recuerdan la próxima cita, ofrecen bonos y piden reseñas en Google. ¿Os cuento más?",,"Hola, me llamo [Tu nombre] y ayudo a centros de estética en Granada. Tenéis citas online y buena oferta de servicios. Lo que potenciaría vuestros resultados es un sistema de seguimiento post-visita — mensajes automáticos que recuerdan la próxima cita, ofrecen bonos y piden reseñas en Google. ¿Os cuento más?",0,6/5/2026 4:22pm,,,,,,,,,,May 2026
Bavilon Hair Studio,Pendiente,,858 99 80 92 ,,https://www.bavilonhair.com,,,Sin teléfono visible · Sin email público · Sin redes sociales visibles · Sin blog ni SEO,0,ALTA,"Hola, me llamo [Tu nombre] y trabajo con peluquerías en Granada. He visitado vuestra web y, aunque tenéis reservas online, no encuentro teléfono, email ni redes — eso dificulta la confianza del cliente nuevo. Una web actualizada + Instagram activo + reseñas en Google automáticas marcaría una gran diferencia en vuestra captación. ¿Hablamos esta semana?",,"Hola, me llamo [Tu nombre] y trabajo con peluquerías en Granada. He visitado vuestra web y, aunque tenéis reservas online, no encuentro teléfono, email ni redes — eso dificulta la confianza del cliente nuevo. Una web actualizada + Instagram activo + reseñas en Google automáticas marcaría una gran diferencia en vuestra captación. ¿Hablamos esta semana?",0,6/5/2026 4:22pm,,,,,,,,,,May 2026
Vital Centro de Entrenamiento,Contactado,Llamada,644 08 14 01,,https://www.vitalgranada.com,"Dueño: Victoriano
",,Sin teléfono visible · Sin email visible · Presencia digital básica · Sin automatizaciones,1,ALTA,"Hola, soy [Tu nombre] y trabajo con centros de entrenamiento en Granada. He visitado vuestra web y veo que tenéis buena propuesta, pero la información de contacto es muy limitada — eso dificulta que os lleguen nuevos clientes online. Con web actualizada, teléfono visible y sistema de captación automática de leads, podríais llenar vuestra agenda sin depender del boca a boca. ¿Hablamos esta semana?",,"Hola, soy [Tu nombre] y trabajo con centros de entrenamiento en Granada. He visitado vuestra web y veo que tenéis buena propuesta, pero la información de contacto es muy limitada — eso dificulta que os lleguen nuevos clientes online. Con web actualizada, teléfono visible y sistema de captación automática de leads, podríais llenar vuestra agenda sin depender del boca a boca. ¿Hablamos esta semana?",1,6/5/2026 4:22pm,Vital Centro de Entrenamiento - Llamada,,,,18/5/2026,18/5/2026,23,,,May 2026
BS Estilistas,Contactado,Email,958 25 18 48,hola@bsestilistas.com,https://bsestilistas.es,,hola@bsestilistas.com,Sin chatbot IA · Sin automatizaciones de captación nupcial,0,BAJA,"Hola, soy [Tu nombre] y ayudo a peluquerías especializadas en bodas en Granada. Tenéis presencia muy cuidada y especialización clara. Lo que potenciaría vuestras reservas es un chatbot de IA que capture a la novia desde el primer contacto y lleve todo el seguimiento hasta el día de la boda automáticamente. ¿Os cuento cómo?",9/5/2026,"Hola, soy [Tu nombre] y ayudo a peluquerías especializadas en bodas en Granada. Tenéis presencia muy cuidada y especialización clara. Lo que potenciaría vuestras reservas es un chatbot de IA que capture a la novia desde el primer contacto y lleve todo el seguimiento hasta el día de la boda automáticamente. ¿Os cuento cómo?",0,6/5/2026 4:22pm,,,,,,,,,,May 2026
Fisioterapia Granada,Contactado,Email,858 984 060,info@fisioterapia-granada.es,https://fisioterapia-granada.es,,info@fisioterapia-granada.es,Sin citas online · Sin recordatorios automáticos · Sin chatbot IA,1,ALTA,"Hola, soy [Tu nombre] y me dedico a ayudar a centros de fisioterapia a automatizar la gestión de pacientes. Tenéis buen blog y presencia en redes, pero sin citas online perdéis pacientes que llegan fuera de horario. Un sistema de reservas automáticas con recordatorios por WhatsApp os llenaría la agenda sin esfuerzo manual. ¿Hablamos?",9/5/2026,"Hola, soy [Tu nombre] y me dedico a ayudar a centros de fisioterapia a automatizar la gestión de pacientes. Tenéis buen blog y presencia en redes, pero sin citas online perdéis pacientes que llegan fuera de horario. Un sistema de reservas automáticas con recordatorios por WhatsApp os llenaría la agenda sin esfuerzo manual. ¿Hablamos?",1,6/5/2026 4:22pm,Fisioterapia Granada - Email,,,,15/5/2026,15/5/2026,26,,,May 2026
Pozo Abogados & Asociados,Contactado,Email,618 619 922,consultas@pozoabogadosasociados.com,https://pozoabogadosasociados.com,,consultas@pozoabogadosasociados.com,Sin chatbot IA 24h · Automatizaciones de urgencias mejorables,2,BAJA,"Hola, me llamo [Tu nombre] y ayudo a despachos de abogados. Tenéis presencia muy avanzada — video consultas, blog activo. El único añadido interesante sería un chatbot de IA para el primer filtro de urgencias nocturnas. ¿Os interesa explorar esa posibilidad?",9/5/2026,"Hola, me llamo [Tu nombre] y ayudo a despachos de abogados. Tenéis presencia muy avanzada — video consultas, blog activo. El único añadido interesante sería un chatbot de IA para el primer filtro de urgencias nocturnas. ¿Os interesa explorar esa posibilidad?",2,6/5/2026 4:22pm,"Pozo Abogados & Asociados - Email,Pozo Abogados & Asociados - Email",,,,15/5/2026,15/5/2026,26,,,May 2026
JW Entrenamiento Granada,Contactado,Email,613 894 102,,https://jimenezwaddington.com,,,Sin email visible · Sin citas online automáticas · Sin seguimiento de leads automatizado,2,ALTA,"Hola, me llamo [Tu nombre] y ayudo a centros de entrenamiento en Granada. Tenéis blog, redes y tres centros — operación seria. Lo que falta es el sistema de captación automático: cuando alguien pide la sesión gratuita, un sistema IA hace el seguimiento por WhatsApp hasta que se apunta. ¿Os interesa conocerlo?",9/5/2026,"Hola, me llamo [Tu nombre] y ayudo a centros de entrenamiento en Granada. Tenéis blog, redes y tres centros — operación seria. Lo que falta es el sistema de captación automático: cuando alguien pide la sesión gratuita, un sistema IA hace el seguimiento por WhatsApp hasta que se apunta. ¿Os interesa conocerlo?",2,6/5/2026 4:22pm,"JW Entrenamiento Granada - Email,JW Entrenamiento Granada - Email",,,,15/5/2026,15/5/2026,26,,,May 2026
Ángel M. Peluquerías,Follow-up 1,Email,958 202 032,info@angelmpeluquerias.com,https://peluqueriasengranada.com,,info@angelmpeluquerias.com,Automatizaciones de fidelización mejorables · Sin chatbot IA,2,BAJA,"Hola, soy [Tu nombre] y ayudo a peluquerías en Granada. Tenéis citas online, WhatsApp, tienda online y blog — muy completo. El siguiente paso sería un sistema de fidelización automático que recupere clientes que llevan más de 8 semanas sin visita. ¿Os interesa conocerlo?",9/5/2026,"Hola, soy [Tu nombre] y ayudo a peluquerías en Granada. Tenéis citas online, WhatsApp, tienda online y blog — muy completo. El siguiente paso sería un sistema de fidelización automático que recupere clientes que llevan más de 8 semanas sin visita. ¿Os interesa conocerlo?",2,6/5/2026 4:22pm,"Ángel M. Peluquerías - Email,Ángel M. Peluquerías - Email",,,,15/5/2026,15/5/2026,26,,,May 2026
Dra. Ana Maldonado,Follow-up 1,Email,699 89 05 64,info@draanamaldonado.com,https://draanamaldonado.com,,info@draanamaldonado.com,Sin chatbot IA · Sin automatizaciones avanzadas de seguimiento,2,BAJA,"Hola, soy [Tu nombre] y trabajo con clínicas de medicina estética en Granada. Tenéis web excelente, blog activo y citas online. El único añadido que marcaría diferencia es un asistente de IA para seguimiento post-tratamiento personalizado. ¿Os interesa explorarlo?",9/5/2026,"Hola, soy [Tu nombre] y trabajo con clínicas de medicina estética en Granada. Tenéis web excelente, blog activo y citas online. El único añadido que marcaría diferencia es un asistente de IA para seguimiento post-tratamiento personalizado. ¿Os interesa explorarlo?",2,6/5/2026 4:22pm,"Dra. Ana Maldonado - Email,Dra. Ana Maldonado - Email",,,,15/5/2026,15/5/2026,26,,,May 2026
Alice Beauty Concept,Follow-up 1,Email,858 959 653,info@alicebeautyconcept.es,https://alicebeautyconcept.es,,info@alicebeautyconcept.es,Sin citas online automáticas · Sin chatbot de atención · Sin automatizaciones de fidelización,2,ALTA,"Hola, me llamo [Tu nombre] y trabajo con centros de estética en Granada. Tenéis más de 20 años de experiencia y web cuidada, pero sin citas online invertís tiempo en gestión manual que podría automatizarse. Un sistema de reservas + chatbot IA os liberaría horas cada semana. ¿Hablamos?",9/5/2026,"Hola, me llamo [Tu nombre] y trabajo con centros de estética en Granada. Tenéis más de 20 años de experiencia y web cuidada, pero sin citas online invertís tiempo en gestión manual que podría automatizarse. Un sistema de reservas + chatbot IA os liberaría horas cada semana. ¿Hablamos?",2,6/5/2026 4:22pm,"Alice Beauty Concept - Email,Alice Beauty Concept - Email",,,,15/5/2026,15/5/2026,26,,,May 2026
Proactiva Fisioterapia,Follow-up 1,Email,,info@proactivafisioterapia.com,https://proactivafisioterapia.com,,info@proactivafisioterapia.com,Sin teléfono visible · Sin chatbot IA · Sin automatizaciones de seguimiento de alta,2,MEDIA,"Hola, me llamo [Tu nombre] y ayudo a centros de fisioterapia en Granada. Tenéis citas online, blog y redes — muy buena base. El siguiente paso es usar IA para el seguimiento del alta: recordar ejercicios, preguntar cómo va la recuperación y sugerir revisión cuando toque. Eso convierte un paciente puntual en un paciente de por vida. ¿Hablamos?",9/5/2026,"Hola, me llamo [Tu nombre] y ayudo a centros de fisioterapia en Granada. Tenéis citas online, blog y redes — muy buena base. El siguiente paso es usar IA para el seguimiento del alta: recordar ejercicios, preguntar cómo va la recuperación y sugerir revisión cuando toque. Eso convierte un paciente puntual en un paciente de por vida. ¿Hablamos?",2,6/5/2026 4:22pm,"Proactiva Fisioterapia - Email,Proactiva Fisioterapia - Email",,,,15/5/2026,15/5/2026,26,,,May 2026
Sano Center Granada,Follow-up 1,Email,657 572 571,granada@sanocenter.es,https://sanocenter.es,,granada@sanocenter.es,Sin chatbot IA personalizado · Automatizaciones de nutrición mejorables,2,BAJA,"Hola, soy [Tu nombre] y trabajo con centros de entrenamiento en Granada. Tenéis app, redes, blog y seguimiento personalizado — muy completo. Lo que podría añadir valor es un asistente de IA que complemente el trabajo de los entrenadores con recomendaciones nutricionales entre sesiones. ¿Os interesa explorarlo?",9/5/2026,"Hola, soy [Tu nombre] y trabajo con centros de entrenamiento en Granada. Tenéis app, redes, blog y seguimiento personalizado — muy completo. Lo que podría añadir valor es un asistente de IA que complemente el trabajo de los entrenadores con recomendaciones nutricionales entre sesiones. ¿Os interesa explorarlo?",2,6/5/2026 4:22pm,"Sano Center Granada - Email,Sano Center Granada - Email",,,,15/5/2026,15/5/2026,26,,,May 2026
Be/cool Granada,Follow-up 1,Email,958 414 310,info@becoolgranada.com,https://becoolgranada.com,,info@becoolgranada.com,Sin chatbot IA · Automatizaciones de marketing estacional mejorables,2,BAJA,"Hola, me llamo [Tu nombre] y trabajo con peluquerías en Granada. Tenéis citas online, TikTok activo y tarjetas regalo — muy completo. Lo que añadiría es un chatbot que convierta automáticamente los comentarios de Instagram y TikTok en reservas. ¿Os interesa explorarlo?",9/5/2026,"Hola, me llamo [Tu nombre] y trabajo con peluquerías en Granada. Tenéis citas online, TikTok activo y tarjetas regalo — muy completo. Lo que añadiría es un chatbot que convierta automáticamente los comentarios de Instagram y TikTok en reservas. ¿Os interesa explorarlo?",2,6/5/2026 4:22pm,"Be/cool Granada - Email,Be/cool Granada - Email",,,,15/5/2026,15/5/2026,26,,,May 2026
Sigma Training Granada,Follow-up 1,Email,630 58 91 78,dagacoentrenamientoysalud@gmail.com,https://stgranada.es,,,Sin email visible · Sin automatizaciones IA de captación · Sin seguimiento post-clase,2,ALTA,"Hola, soy [Tu nombre] y trabajo con centros de entrenamiento funcional en Granada. Tenéis app propia y buena presencia digital — el siguiente nivel es la automatización de captación: leads de Instagram o web que reciben seguimiento personalizado por WhatsApp hasta que se apuntan. ¿Hablamos esta semana?",9/5/2026,"Hola, soy [Tu nombre] y trabajo con centros de entrenamiento funcional en Granada. Tenéis app propia y buena presencia digital — el siguiente nivel es la automatización de captación: leads de Instagram o web que reciben seguimiento personalizado por WhatsApp hasta que se apuntan. ¿Hablamos esta semana?",2,6/5/2026 4:22pm,"Sigma Training Granada - Email,Sigma Training Granada - Email",,,,15/5/2026,15/5/2026,26,,,May 2026
Uve Gara Clínica Estética,Follow-up 1,Email,858 813 809,info@uvegara.com,https://www.uvegara.com,,info@uvegara.com,Sin chatbot IA avanzado · Automatizaciones de seguimiento de tratamientos mejorables,2,BAJA,"Hola, me llamo [Tu nombre] y ayudo a clínicas estéticas en Granada. Tenéis escaneo facial 360°, citas online, blog y garantía de resultados — propuesta muy completa. El añadido de IA que recomendaría es un seguimiento post-tratamiento automatizado que mantenga el vínculo entre visitas. ¿Os interesa explorarlo?",9/5/2026,"Hola, me llamo [Tu nombre] y ayudo a clínicas estéticas en Granada. Tenéis escaneo facial 360°, citas online, blog y garantía de resultados — propuesta muy completa. El añadido de IA que recomendaría es un seguimiento post-tratamiento automatizado que mantenga el vínculo entre visitas. ¿Os interesa explorarlo?",2,6/5/2026 4:22pm,"Uve Gara Clínica Estética - Email,Uve Gara Clínica Estética - Email",,,,15/5/2026,15/5/2026,26,,,May 2026
Salus Medical Clinic,Follow-up 1,Email,958 223 310,medicos@salusmc.com,https://salusmc.com,,medicos@salusmc.com,Sin citas online integradas · Sin chatbot de IA · Sin seguimiento automático post-consulta,2,ALTA,"Hola, soy [Tu nombre] y ayudo a clínicas de medicina estética a convertir más visitas web en pacientes. Tenéis web excelente, blog activo y buena presencia, pero sin citas online perdéis interesados que no quieren llamar. Un sistema de reservas + chatbot IA completaría vuestra presencia digital. ¿Os cuento cómo?",9/5/2026,"Hola, soy [Tu nombre] y ayudo a clínicas de medicina estética a convertir más visitas web en pacientes. Tenéis web excelente, blog activo y buena presencia, pero sin citas online perdéis interesados que no quieren llamar. Un sistema de reservas + chatbot IA completaría vuestra presencia digital. ¿Os cuento cómo?",2,6/5/2026 4:22pm,"Salus Medical Clinic - Email,Salus Medical Clinic - Email",,,,15/5/2026,15/5/2026,26,,,May 2026
Centro Suelo Pélvico Granada,Follow-up 1,Email,663 395 214,suelopelvicogranada@gmail.com,https://suelopelvicogranada.es,,suelopelvicogranada@gmail.com,Sin chatbot IA · Sin automatizaciones de educación al paciente · Email en Gmail no corporativo,2,MEDIA,"Hola, soy [Tu nombre] y trabajo con especialistas en fisioterapia en Granada. Tenéis web completa y citas online — enhorabuena. Lo que añadiría valor es un chatbot de IA que eduque a las pacientes sobre el suelo pélvico antes de la primera visita y un email corporativo que transmita más profesionalidad. ¿Os interesa explorarlo?",9/5/2026,"Hola, soy [Tu nombre] y trabajo con especialistas en fisioterapia en Granada. Tenéis web completa y citas online — enhorabuena. Lo que añadiría valor es un chatbot de IA que eduque a las pacientes sobre el suelo pélvico antes de la primera visita y un email corporativo que transmita más profesionalidad. ¿Os interesa explorarlo?",2,6/5/2026 4:22pm,"Centro Suelo Pélvico Granada - Email,Centro Suelo Pélvico Granada - Email",,,,15/5/2026,15/5/2026,26,,,May 2026
Trauma Granada,Follow-up 1,Email,958 080 985,info@traumagranada.com,https://traumagranada.com,,info@traumagranada.com,Sin citas online · Sin chatbot IA · Sin automatizaciones de seguimiento post-visita,2,ALTA,"Hola, soy [Tu nombre] y ayudo a clínicas de rehabilitación en Granada. Tenéis muy buena presencia digital — blog activo, TikTok, LinkedIn — pero sin citas online perdéis pacientes que llegan de redes y no quieren llamar. Un chatbot de IA + reservas automáticas completaría el círculo. ¿Os interesa verlo?",9/5/2026,"Hola, soy [Tu nombre] y ayudo a clínicas de rehabilitación en Granada. Tenéis muy buena presencia digital — blog activo, TikTok, LinkedIn — pero sin citas online perdéis pacientes que llegan de redes y no quieren llamar. Un chatbot de IA + reservas automáticas completaría el círculo. ¿Os interesa verlo?",2,6/5/2026 4:22pm,"Trauma Granada - Email,Trauma Granada - Email",,,,15/5/2026,15/5/2026,26,,,May 2026
Clínica Centro Granada,Follow-up 1,Email,628 360 559,info@clinicacentro.com,https://clinicacentro.com,,info@clinicacentro.com,Sin chatbot IA · Sin automatizaciones de nutrición personalizada · Sin seguimiento automático de tratamientos,2,MEDIA,"Hola, soy [Tu nombre] y trabajo con clínicas de medicina de precisión en Granada. Tenéis presencia digital muy sólida — blog, SEO local, reseñas Google. El paso que marcaría la diferencia es usar IA para personalizar el seguimiento de cada paciente: recordatorios de tratamientos y educación nutricional automatizada. ¿Os interesa explorar esas posibilidades?",9/5/2026,"Hola, soy [Tu nombre] y trabajo con clínicas de medicina de precisión en Granada. Tenéis presencia digital muy sólida — blog, SEO local, reseñas Google. El paso que marcaría la diferencia es usar IA para personalizar el seguimiento de cada paciente: recordatorios de tratamientos y educación nutricional automatizada. ¿Os interesa explorar esas posibilidades?",2,6/5/2026 4:22pm,"Clínica Centro Granada - Email,Clínica Centro Granada - Email",,,,15/5/2026,15/5/2026,26,,,May 2026
Clínica Beiman Granada,Follow-up 1,Email,958 236 357,granada@clinicabeiman.com,https://www.clinicabeiman.es/granada/,,granada@clinicabeiman.com,Sin chatbot IA avanzado · Automatizaciones mejorables,2,BAJA,"Hola, me llamo [Tu nombre] y ayudo a clínicas en Granada. Tenéis presencia digital muy completa — citas online, blog, WhatsApp, redes. El paso siguiente sería un asistente de IA que cualifique al paciente antes de la cita y reduzca el trabajo administrativo. ¿Os interesa conocerlo?",9/5/2026,"Hola, me llamo [Tu nombre] y ayudo a clínicas en Granada. Tenéis presencia digital muy completa — citas online, blog, WhatsApp, redes. El paso siguiente sería un asistente de IA que cualifique al paciente antes de la cita y reduzca el trabajo administrativo. ¿Os interesa conocerlo?",2,6/5/2026 4:22pm,"Clínica Beiman Granada - Email,Clínica Beiman Granada - Email",,,,15/5/2026,15/5/2026,26,,,May 2026
FRB Abogados,Follow-up 1,Email,958 22 14 30,info@frbabogados.es,https://frbabogados.es,,info@frbabogados.es,Sin chatbot IA · Sin automatizaciones de urgencias 24h · Sin captación de reseñas automática,2,MEDIA,"Hola, soy [Tu nombre] y trabajo con despachos de abogados en Granada. Ofrecéis atención de emergencia 24h — servicio diferencial. Con un chatbot de IA activo 24/7 podríais capturar y cualificar esas urgencias automáticamente, sin que un abogado tenga que hacer el primer filtro. ¿Os cuento cómo funciona?",9/5/2026,"Hola, soy [Tu nombre] y trabajo con despachos de abogados en Granada. Ofrecéis atención de emergencia 24h — servicio diferencial. Con un chatbot de IA activo 24/7 podríais capturar y cualificar esas urgencias automáticamente, sin que un abogado tenga que hacer el primer filtro. ¿Os cuento cómo funciona?",2,6/5/2026 4:22pm,"FRB Abogados - Email,FRB Abogados - Email",,,,15/5/2026,15/5/2026,26,,,May 2026
Abadys Abogados,Follow-up 1,Email,958 41 24 41,david@abadys.es,https://abadys.es,,david@abadys.es,Sin chatbot IA · Sin automatizaciones post-consulta gratuita · Sin captación automática de reseñas,2,MEDIA,"Hola, me llamo [Tu nombre] y ayudo a despachos de abogados en Granada. Ofrecéis primera consulta gratuita — un gancho muy potente. Lo que le faltaría es el seguimiento automático post-consulta: un sistema de IA que recuerde la propuesta y cierre el cliente sin que el abogado tenga que hacer seguimiento manual. ¿Os interesa verlo?",9/5/2026,"Hola, me llamo [Tu nombre] y ayudo a despachos de abogados en Granada. Ofrecéis primera consulta gratuita — un gancho muy potente. Lo que le faltaría es el seguimiento automático post-consulta: un sistema de IA que recuerde la propuesta y cierre el cliente sin que el abogado tenga que hacer seguimiento manual. ¿Os interesa verlo?",2,6/5/2026 4:22pm,"Abadys Abogados - Email,Abadys Abogados - Email",,,,15/5/2026,15/5/2026,26,,,May 2026
Rosa Pérez Fisioterapia,Follow-up 1,Email,656 320 853,info@rosaperezfisioterapia.com,https://rosaperezfisioterapia.com,,info@rosaperezfisioterapia.com,Sin chatbot IA · Sin captación automática de reseñas · Sin recordatorios automatizados,2,ALTA,"Hola, soy [Tu nombre] y trabajo con fisioterapeutas en Granada. Tenéis 5 estrellas y 82 reseñas — fantástico. Lo que añadiría es la capa de automatización: recordatorios de cita por WhatsApp y solicitud automática de reseñas. Pequeños pasos con gran impacto en fidelización. ¿Hablamos?",9/5/2026,"Hola, soy [Tu nombre] y trabajo con fisioterapeutas en Granada. Tenéis 5 estrellas y 82 reseñas — fantástico. Lo que añadiría es la capa de automatización: recordatorios de cita por WhatsApp y solicitud automática de reseñas. Pequeños pasos con gran impacto en fidelización. ¿Hablamos?",2,6/5/2026 4:22pm,"Rosa Pérez Fisioterapia - Email,Rosa Pérez Fisioterapia - Email",,,,15/5/2026,15/5/2026,26,,,May 2026
Insúa Peluquerías,Follow-up 1,Email,958 25 45 95,info@insuapeluquerias.es,https://insuapeluquerias.es,,info@insuapeluquerias.es,Sin citas online · Sin recordatorios automáticos · Sin fidelización automatizada,2,ALTA,"Hola, soy [Tu nombre] y ayudo a peluquerías en Granada. Tenéis blog, redes y 4 salones — operación grande para gestionar todo manualmente. Sin citas online, vuestro equipo invierte horas en llamadas que podrían automatizarse. Con reservas automáticas + recordatorios + recuperación de clientes inactivos, llenaríais la agenda sola. ¿Os cuento cómo?",9/5/2026,"Hola, soy [Tu nombre] y ayudo a peluquerías en Granada. Tenéis blog, redes y 4 salones — operación grande para gestionar todo manualmente. Sin citas online, vuestro equipo invierte horas en llamadas que podrían automatizarse. Con reservas automáticas + recordatorios + recuperación de clientes inactivos, llenaríais la agenda sola. ¿Os cuento cómo?",2,6/5/2026 4:22pm,"Insúa Peluquerías - Email,Insúa Peluquerías - Email",,,,15/5/2026,15/5/2026,26,,,May 2026
Muñoz Quesada Abogados,Follow-up 1,Email,858 900 754,info@abogadosgranadamq.com,https://abogadosgranadamq.com,,info@abogadosgranadamq.com,Sin chatbot IA · Sin captación automática fuera de horario · Sin automatización de seguimiento,2,MEDIA,"Hola, soy [Tu nombre] y trabajo con despachos de abogados en Granada. Tenéis blog activo, Instagram, LinkedIn y formulario — muy buena presencia. Lo que completaría el sistema es un chatbot de IA que capture consultas fuera de horario: muchos potenciales clientes buscan abogado un domingo y no vuelven si nadie les atiende. ¿Os cuento cómo?",9/5/2026,"Hola, soy [Tu nombre] y trabajo con despachos de abogados en Granada. Tenéis blog activo, Instagram, LinkedIn y formulario — muy buena presencia. Lo que completaría el sistema es un chatbot de IA que capture consultas fuera de horario: muchos potenciales clientes buscan abogado un domingo y no vuelven si nadie les atiende. ¿Os cuento cómo?",2,6/5/2026 4:22pm,"Muñoz Quesada Abogados - Email,Muñoz Quesada Abogados - Email",,,,15/5/2026,15/5/2026,26,,,May 2026
Gimnasio TNT,Follow-up 1,Email,604 833 956,,https://gimnasiotnt.com,,,Sin blog ni SEO · Sin email visible · Sin automatizaciones de fidelización · Sin captación de leads automática,2,ALTA,"Hola, soy [Tu nombre] y ayudo a gimnasios en Granada a captar y fidelizar socios con IA. Tenéis buena presencia en Instagram y tarifas competitivas, pero sin blog ni captación automática perdéis a los que os buscan en Google. Con SEO + WhatsApp automatizado, reduciríais la rotación de socios y aumentaríais las altas. ¿Os interesa conocerlo?",9/5/2026,"Hola, soy [Tu nombre] y ayudo a gimnasios en Granada a captar y fidelizar socios con IA. Tenéis buena presencia en Instagram y tarifas competitivas, pero sin blog ni captación automática perdéis a los que os buscan en Google. Con SEO + WhatsApp automatizado, reduciríais la rotación de socios y aumentaríais las altas. ¿Os interesa conocerlo?",2,6/5/2026 4:22pm,"Gimnasio TNT - Email,Gimnasio TNT - Email",,,,15/5/2026,15/5/2026,26,,,May 2026
Fit2Grow Granada,Follow-up 1,Email,635 997 145,info@fit2grow.es,https://fit2grow.es,,info@fit2grow.es,Sin citas online · Sin chatbot de atención · Sin automatizaciones de nutrición con IA,2,ALTA,"Hola, soy [Tu nombre] y trabajo con centros de entrenamiento y nutrición en Granada. Tenéis blog activo y buenos servicios, pero sin citas online perdéis clientes que prefieren no llamar. Además, hay una oportunidad enorme de usar IA para personalizar planes nutricionales automáticamente. ¿Hablamos?",9/5/2026,"Hola, soy [Tu nombre] y trabajo con centros de entrenamiento y nutrición en Granada. Tenéis blog activo y buenos servicios, pero sin citas online perdéis clientes que prefieren no llamar. Además, hay una oportunidad enorme de usar IA para personalizar planes nutricionales automáticamente. ¿Hablamos?",2,6/5/2026 4:22pm,"Fit2Grow Granada - Email,Fit2Grow Granada - Email",,,,15/5/2026,15/5/2026,26,,,May 2026
Diéguez Abogados,Follow-up 1,Llamada,958 29 49 49,info@dieguezabogados.com,https://dieguezabogados.com,,info@dieguezabogados.com,Sin blog ni SEO · Sin redes sociales · Sin captación automática · Sin seguimiento de leads,2,ALTA,"Hola, me llamo [Tu nombre] y trabajo con despachos de abogados en Granada. He revisado vuestra web — bien estructurada y contacto claro, pero sin blog ni redes no aparecéis cuando alguien busca 'abogado laboral Granada' en Google. Con contenido jurídico SEO + automatización de consultas, vuestros clientes os encontrarían antes que a la competencia. ¿Hablamos?",9/5/2026,"Hola, me llamo [Tu nombre] y trabajo con despachos de abogados en Granada. He revisado vuestra web — bien estructurada y contacto claro, pero sin blog ni redes no aparecéis cuando alguien busca 'abogado laboral Granada' en Google. Con contenido jurídico SEO + automatización de consultas, vuestros clientes os encontrarían antes que a la competencia. ¿Hablamos?",2,6/5/2026 4:22pm,"Diéguez Abogados - Email,Diéguez Abogados - Email",,,,15/5/2026,15/5/2026,26,,,May 2026
Clínica Amédic,1ª Llamada,Llamada,958 279 449,info@amedic.es,https://amedic.es,"Dueña: Mari Ángeles.
Enviar correo YA. enviado
",,Sin email visible · Sin chatbot IA,2,BAJA,"Hola, me llamo [Tu nombre] y ayudo a clínicas en Granada. Tenéis muy buena presencia — blog, citas online, Instagram activo. El único paso que añadiría es un chatbot de IA para resolver dudas fuera de horario y reducir llamadas repetitivas. ¿Os interesa conocerlo?",12/5/2026,"Hola, me llamo [Tu nombre] y ayudo a clínicas en Granada. Tenéis muy buena presencia — blog, citas online, Instagram activo. El único paso que añadiría es un chatbot de IA para resolver dudas fuera de horario y reducir llamadas repetitivas. ¿Os interesa conocerlo?",2,6/5/2026 4:22pm,"Clínica Amédic - Llamada,Clínica Amédic - Email",,,,15/5/2026,15/5/2026,26,,,May 2026
Vitasthetic,1ª Llamada,Llamada,635 60 82 59,vitasthetic@vitasthetic.es,https://vitasthetic.es,"Dueño: Dc: Antonio Siles.
Mandar correo. Enviado",,Sin blog ni SEO · Sin citas online · Sin email público · Sin automatizaciones,1,ALTA,"Buenos días, me llamo [Tu nombre] y ayudo a clínicas de medicina estética en Granada a conseguir más pacientes. He visto vuestra web — tenéis potencial pero sin blog ni citas online sois casi invisibles en Google. Con contenido SEO + reservas automáticas, captaríais consultas sin estar al teléfono constantemente. ¿Os viene bien hablar esta semana?",12/5/2026,"Buenos días, me llamo [Tu nombre] y ayudo a clínicas de medicina estética en Granada a conseguir más pacientes. He visto vuestra web — tenéis potencial pero sin blog ni citas online sois casi invisibles en Google. Con contenido SEO + reservas automáticas, captaríais consultas sin estar al teléfono constantemente. ¿Os viene bien hablar esta semana?",1,6/5/2026 4:22pm,Vitasthetic - Llamada,,,,12/5/2026,12/5/2026,29,,,May 2026
Peluquería Rodríguez,Perdido,Llamada,958 12 08 63,,https://www.peluqueriarodriguez.es,"Dueño: Jose Antonio Rodriguez
No le interesa",,Sin blog ni SEO · Sin email visible · Sin automatizaciones · Sin captación de reseñas,1,ALTA,"Hola, soy [Tu nombre] y ayudo a peluquerías en Granada. Tenéis 40+ años de experiencia y una reputación enorme, pero sin blog ni email la web no os atrae tráfico nuevo. Con un sistema automático que pida reseñas después de cada visita, triplicaríais vuestra valoración en Google en pocas semanas. ¿Os cuento cómo?",12/5/2026,"Hola, soy [Tu nombre] y ayudo a peluquerías en Granada. Tenéis 40+ años de experiencia y una reputación enorme, pero sin blog ni email la web no os atrae tráfico nuevo. Con un sistema automático que pida reseñas después de cada visita, triplicaríais vuestra valoración en Google en pocas semanas. ¿Os cuento cómo?",1,6/5/2026 4:22pm,Peluquería Rodríguez - Llamada,,,,12/5/2026,12/5/2026,29,,,May 2026
Recover Abogados,Perdido,Llamada,958 28 38 19,info@recoverabogados.es,https://recoverabogados.es,,info@recoverabogados.es,Sin chat en vivo · Sin automatizaciones de seguimiento · Sin captación de reseñas automática,2,MEDIA,"Hola, me llamo [Tu nombre] y ayudo a despachos de abogados en Granada. Tenéis muy buena presencia — blog, YouTube, formulario. Lo que añadiría es un chatbot de IA que cualifique al cliente fuera de horario y un sistema automático de reseñas en Google. ¿Os interesa explorarlo?",9/5/2026,"Hola, me llamo [Tu nombre] y ayudo a despachos de abogados en Granada. Tenéis muy buena presencia — blog, YouTube, formulario. Lo que añadiría es un chatbot de IA que cualifique al cliente fuera de horario y un sistema automático de reseñas en Google. ¿Os interesa explorarlo?",2,6/5/2026 4:22pm,"Recover Abogados - Email,Recover Abogados - Email",,,,15/5/2026,15/5/2026,26,,,May 2026
Duo Peluqueros,No lo coge,Llamada,958 266 810,,https://duopeluqueros.es,"Dueña: Guti
",,Sin teléfono visible · Sin email público · Sin automatizaciones de marketing · Sin seguimiento de clientes,1,ALTA,"Hola, me llamo [Tu nombre] y trabajo con peluquerías en Granada. Tenéis sistema de reservas online — un gran paso. Lo que falta es el lado de marketing: sin teléfono ni email visibles, perdéis clientes que buscan contactar directamente. Y sin seguimiento automático post-visita, cada cliente nuevo empieza de cero. Con fidelización por WhatsApp, los clientes vuelven solos. ¿Hablamos?",,"Hola, me llamo [Tu nombre] y trabajo con peluquerías en Granada. Tenéis sistema de reservas online — un gran paso. Lo que falta es el lado de marketing: sin teléfono ni email visibles, perdéis clientes que buscan contactar directamente. Y sin seguimiento automático post-visita, cada cliente nuevo empieza de cero. Con fidelización por WhatsApp, los clientes vuelven solos. ¿Hablamos?",1,6/5/2026 4:22pm,Duo Peluqueros - Llamada,,,,18/5/2026,18/5/2026,23,,,May 2026
Galía Beauty,No lo coge,Llamada,652 11 26 21,,https://esteticagalia.es,"Dueña: Ana
",,Sin email visible · Sin automatizaciones de fidelización · Sin captación automática de reseñas,1,MEDIA,"Hola, me llamo [Tu nombre] y ayudo a centros de estética en Granada a fidelizar clientes. Tenéis blog, botón de cita y WhatsApp — muy buena base. Lo que completaría el círculo es un sistema que después de cada visita mande automáticamente seguimiento y pida reseña en Google. ¿Os interesa verlo?",,"Hola, me llamo [Tu nombre] y ayudo a centros de estética en Granada a fidelizar clientes. Tenéis blog, botón de cita y WhatsApp — muy buena base. Lo que completaría el círculo es un sistema que después de cada visita mande automáticamente seguimiento y pida reseña en Google. ¿Os interesa verlo?",1,6/5/2026 4:22pm,Galía Beauty - Llamada,,,,18/5/2026,18/5/2026,23,,,May 2026
Evolution Boutique Fitness,No lo coge,Llamada,858 81 27 88,,https://evolutionboutiquefitness.com,Dueña: Marian,,Sin teléfono visible · Sin email público · Sin automatizaciones IA · Sin captación de leads,1,ALTA,"Hola, soy [Tu nombre] y trabajo con centros de entrenamiento personal en Granada. He visitado vuestra web y veo que tenéis una propuesta muy buena, pero me ha sido imposible encontrar vuestro teléfono o email — eso significa que muchos posibles clientes tampoco pueden contactaros. Con un sistema de captación automática de leads + seguimiento por WhatsApp, podríais llenar vuestra agenda sin depender de que os busquen en Instagram. ¿Hablamos 15 minutos esta semana?",,"Hola, soy [Tu nombre] y trabajo con centros de entrenamiento personal en Granada. He visitado vuestra web y veo que tenéis una propuesta muy buena, pero me ha sido imposible encontrar vuestro teléfono o email — eso significa que muchos posibles clientes tampoco pueden contactaros. Con un sistema de captación automática de leads + seguimiento por WhatsApp, podríais llenar vuestra agenda sin depender de que os busquen en Instagram. ¿Hablamos 15 minutos esta semana?",1,6/5/2026 4:22pm,Evolution Boutique Fitness - Llamada,,,,18/5/2026,18/5/2026,23,,,May 2026
Miguel Peña Osteopatía,No lo coge,Llamada,606 61 05 16,,https://www.miguelpenaosteopata.com,Dueño: Miguel Peña,,Sin redes sociales visibles · Sin citas online reales · Sin email público · Sin seguimiento post-tratamiento,1,ALTA,"Hola, me llamo [Tu nombre] y trabajo con osteopatas en Granada. Tenéis experiencia y buenas valoraciones, pero poca visibilidad online: sin redes activas y sin citas online dependéis del boca a boca. Con redes + automatización de citas, podríais duplicar nuevos pacientes en 2-3 meses. ¿Hablamos?",,"Hola, me llamo [Tu nombre] y trabajo con osteopatas en Granada. Tenéis experiencia y buenas valoraciones, pero poca visibilidad online: sin redes activas y sin citas online dependéis del boca a boca. Con redes + automatización de citas, podríais duplicar nuevos pacientes en 2-3 meses. ¿Hablamos?",1,6/5/2026 4:22pm,Miguel Peña Osteopatía - Llamada,,,,12/5/2026,12/5/2026,29,,,May 2026
Nina Merli Centro de Estética,No lo coge,Llamada,958 25 66 04,,https://www.ninamerli.com,"Dueña: Pilar.
Llamo pero no lo cogen
",,Sin citas online · Sin email visible · Sin automatizaciones de seguimiento · Sin captación de reseñas,1,ALTA,"Hola, soy [Tu nombre] y ayudo a centros de estética en Granada. Tenéis blog activo y redes, pero sin citas online las clientas tienen que llamar — y muchas no lo hacen. Con reservas automáticas + recordatorios + solicitud de reseñas post-visita, convertís la satisfacción en nuevos clientes sin trabajo extra. ¿Os interesa verlo?",,"Hola, soy [Tu nombre] y ayudo a centros de estética en Granada. Tenéis blog activo y redes, pero sin citas online las clientas tienen que llamar — y muchas no lo hacen. Con reservas automáticas + recordatorios + solicitud de reseñas post-visita, convertís la satisfacción en nuevos clientes sin trabajo extra. ¿Os interesa verlo?",1,6/5/2026 4:22pm,Nina Merli Centro de Estética - Llamada,,,,12/5/2026,12/5/2026,29,,,May 2026
Carmen Rojas Fisioterapia y Pilates,No lo coge,Llamada,640 267 020,,https://carmenrojasfisioterapia.es,"Dueña: carmen
No lo coge

",,Sin citas online · Sin email visible · Sin automatizaciones de seguimiento,1,ALTA,"Hola, me llamo [Tu nombre] y trabajo con centros de fisioterapia en Granada. Tenéis web cuidada y buen contenido, pero sin citas online los pacientes tienen que llamar para todo. Con un sistema automático de reservas y confirmaciones, recuperáis horas de gestión cada semana. ¿Hablamos esta semana?",,"Hola, me llamo [Tu nombre] y trabajo con centros de fisioterapia en Granada. Tenéis web cuidada y buen contenido, pero sin citas online los pacientes tienen que llamar para todo. Con un sistema automático de reservas y confirmaciones, recuperáis horas de gestión cada semana. ¿Hablamos esta semana?",1,6/5/2026 4:22pm,Carmen Rojas Fisioterapia y Pilates - Llamada,,,,12/5/2026,12/5/2026,29,,,May 2026
Centro Diagnóstico Granada,Pendiente,,677 677 000,contabilidad@centrodiagnostico.com,https://centrodiagnostico.com,,Granada,Sin chat en vivo,0,BAJA,"Hola, soy [Tu nombre]. Tenéis una presencia digital muy avanzada. Si en algún momento queréis explorar un asistente de IA para atención al paciente en tiempo real, estaré encantado de contaros cómo lo hacemos.",,,0,6/5/2026 4:00pm,,,,,,,,,,May 2026
Clínica Diéguez,1ª Llamada,Llamada,958 251 170,administracion@clinicadieguez.com,https://clinicadieguez.com,"Dueño: José Diéguez.
Se lo comenta y me llamará","Calle José Recuerda nº4, Local 2, Granada",Sin citas online · Sin automatizaciones · Diseño mejorable,1,ALTA,"Hola, soy [Tu nombre], trabajo con clínicas dentales ayudándoles a automatizar la gestión de pacientes con IA. He revisado vuestra web — tenéis buen contenido SEO y presencia en redes, lo que ya os diferencia de muchos competidores en Granada. Pero hay un punto de mejora importante: sin citas online y automatizaciones, estáis perdiendo pacientes que llegan fuera de horario o que abandonan si el teléfono comunica. Podemos integrar un sistema que capture citas 24/7, mande recordatorios automáticos y recupere pacientes inactivos con WhatsApp, sin que tengáis que hacer nada manualmente. ¿Hablamos 15 minutos esta semana?",12/5/2026,,1,6/5/2026 4:00pm,Clínica Diéguez - Llamada,,,,12/5/2026,12/5/2026,29,,,May 2026
Clínica Dental López-Gollonet,1ª Llamada,Llamada,958 805 412,c.dental@lopez-gollonet.com,https://clinicalopezgollonet.es,"Dueña: María López.
Enviar correo. Enviado","C/ Sócrates nº12, Granada",Citas online no optimizadas · Sin seguimiento automático · Sin chatbot IA,1,ALTA,"Hola, mi nombre es [Tu nombre] y me dedico a ayudar a clínicas dentales a crecer con automatizaciones de IA. He visto que tenéis una web muy bien posicionada y excelentes valoraciones — eso es una base fantástica. Lo que veo que podría multiplicar vuestros resultados es un sistema de seguimiento automático post-visita: mensajes personalizados por WhatsApp para recordar revisiones, pedir reseñas en Google, y reactivar pacientes que llevan tiempo sin visitaros. Clínicas con perfil similar han conseguido un 30% más de pacientes recurrentes en 60 días con este sistema. ¿Tenéis 15 minutos esta semana para que os cuente cómo funciona?",12/5/2026,,1,6/5/2026 4:00pm,Clínica Dental López-Gollonet - Llamada,,,,12/5/2026,12/5/2026,29,,,May 2026
De Vicente Dental,1ª Llamada,Llamada,958 522 333,clinica@devicenteclinicadental.es,https://www.devicenteclinicadental.es,"Dueña: Mari Ángeles de Vicente.
Enviar email. Enviado","C/ Nueva de San Antón 15, Granada",Sin citas online · Sin chatbot IA,1,MEDIA,"Hola, soy [Tu nombre] y ayudo a clínicas dentales a automatizar la captación de pacientes. Tenéis una presencia digital muy sólida — blog activo, 7 redes sociales, web profesional. Lo que os falta es cerrar el ciclo: un sistema de citas online integrado y un chatbot de IA que atienda consultas fuera de horario. Con vuestra base actual, ese salto sería muy rápido de implementar y os generaría resultados desde el primer mes. ¿Hablamos esta semana?",12/5/2026,,1,6/5/2026 4:00pm,De Vicente Dental - Llamada,,,,12/5/2026,12/5/2026,29,,,May 2026
Clínica Dental Márquez,1ª Llamada,Llamada,958 520 281,,https://clinicadentalmarquez.es,"Dueño: Tomás 
Recepcionista coge mi teléfono para ponerse en contacto conmigo
",Granada,Sin blog/SEO · Sin redes sociales · Sin citas online · Sin automatizaciones,1,ALTA,"Buenos días, me llamo [Tu nombre] y trabajo con clínicas dentales en Granada ayudándoles a conseguir más pacientes con diseño web y automatizaciones con IA. He analizado vuestra web y veo que tenéis potencial para crecer bastante: no aparecéis en búsquedas locales clave como 'dentista Granada centro' y no tenéis citas online, lo que hace que muchos posibles pacientes descarten llamar y acaban eligiendo a la competencia. Con un sistema de citas automáticas + recordatorios por WhatsApp + contenido SEO, clínicas similares en Andalucía han duplicado sus nuevas consultas en 3 meses. ¿Os vendría bien una llamada de 15 minutos esta semana para contaros cómo lo hacemos?",12/5/2026,,1,6/5/2026 4:00pm,Clínica Dental Márquez - Llamada,,,,12/5/2026,12/5/2026,29,,,May 2026
AC Healthy & Co,Perdido,Llamada,624 602 752,info@achealthyandco.com,https://achealthyandco.com,"Dueños: Juan Luis y Helena.
coge teléfono para llamarme luego","Calle Galileo 2, Granada",Sin chat en vivo · Automatizaciones mejorables,1,MEDIA,"Hola, me llamo [Tu nombre] y trabajo con centros médicos en Granada. Tenéis una web muy completa y bien estructurada. Lo que veo que podría mejorar es la atención en tiempo real: un chat de IA que responda al instante y cualifique al paciente antes de que llegue a recepción. ¿Os interesa explorar esa posibilidad?",12/5/2026,,1,6/5/2026 4:00pm,AC Healthy & Co - Email,,,,12/5/2026,12/5/2026,29,,,May 2026
Clínica Fisioterapia Gallardo. Fisioterapia Avanzada y Osteopatía. Resonancia Magnética Terapéutica MBST.,Pendiente,,958 25 45 60,info@fisiogallardo.com,https://www.fisiogallardo.com/,,granada,,0,Media,,,,0,6/5/2026 1:03pm,,,,Ana,,,,,,May 2026
Physiotherapy and Pilates center Carmen Rojas,Pendiente,,640 26 70 20,,,,granada,,0,Media,,,,0,6/5/2026 1:03pm,,,,Ana,,,,,,May 2026
Clínica de Fisioterapia Movimiento y Vida,Contactado,Email,644 28 58 05,fisioterapiamovimientoyvida@gmail.com,https://fisioterapiamovimientoyvida.es/,,granada,,1,,,,,1,6/5/2026 1:03pm,Clínica de Fisioterapia Movimiento y Vida - Email,,,Ana,18/5/2026,18/5/2026,23,,,May 2026
Irémise Fisioterapia | Fisioterapia en Granada,Pendiente,Llamada,634 47 00 95,,https://www.iremisefisioterapia.es/,Andrea,granada,,0,,,,,0,6/5/2026 1:03pm,,,,Ana,,,,,,May 2026
TORCUATO REQUENA FISIOTERAPIA,Pendiente,,958 72 70 23,,,,granada,,0,,,,,0,6/5/2026 1:03pm,,,,Ana,,,,,,May 2026
Martínez Plaza Fisioterapia,Contactado,Email,634 46 60 12,info@martinezplazafisioterapia.com,https://martinezplazafisioterapia.com/,,granada,,0,,,,,0,6/5/2026 1:03pm,,,,Ana,,,,,,May 2026
Centro de Fisioterapia y Medicina Rehabilitadora San Rafael,Pendiente,,672 24 00 78,,https://www.sjdgranada.es/rehabilitacion-fisioterapia-granada,,granada,,0,,,,,0,6/5/2026 1:03pm,,,,Ana,,,,,,May 2026
Flor Trujillo Fisioterapia y Osteopatía,Contactado,Email,958 07 13 62,admin@flortrujillofisioterapia.com,https://www.flortrujillofisioterapia.com/,,granada,,1,,,,,1,6/5/2026 1:03pm,Flor Trujillo Fisioterapia y Osteopatía - Email,,,Ana,18/5/2026,18/5/2026,23,,,May 2026
Fisioterapia Invicto Granada | Ecografía y Rehabilitación,Pendiente,,614 11 66 98,,,,granada,,0,,,,,0,6/5/2026 1:03pm,,,,Ana,,,,,,May 2026
Fisioterapia Granada | ACTIVA GRANADA,Contactado,Email,609 77 79 61,fisioterapiaactivagranada@gmail.com,https://fisioterapiaactivagranada.es/,,granada,,1,,,,,1,6/5/2026 1:03pm,Fisioterapia Granada | ACTIVA GRANADA - Email,,,Ana,18/5/2026,18/5/2026,23,,,May 2026
fisioterapia Inmaculada Moya,Contactado,Email,958 26 35 05,info@fisioterapiainmamoya.es,https://www.fisioterapiainmamoya.es/,,granada,,1,,,,,1,6/5/2026 1:03pm,fisioterapia Inmaculada Moya - Email,,,Ana,18/5/2026,18/5/2026,23,,,May 2026
[Fisioterapia Granada] HUMAN Centro de Fisioterapia y Readaptación,Contactado,Email,623 73 32 24,humancentrofisioterapia@gmail.com,https://humanfisioterapiagranada.com/,,granada,,1,,,,,1,6/5/2026 1:02pm,[Fisioterapia Granada] HUMAN Centro de Fisioterapia y Readaptación - Email,,,Ana,18/5/2026,18/5/2026,23,,,May 2026
FISIOTERAPIA SOL,Pendiente,Llamada,958 37 21 13,fisioterapiasol@gmail.com,,No página web,granada,,0,,,,,0,6/5/2026 1:02pm,,,,Ana,,,,,,May 2026
Fisioterapia Mila Mesas - Centro de Fisioterapia y Shiatsu en Granada,Contactado,Email,667 69 54 41,milamesas12@gmail.com,https://fisioterapiamilagranada.es/,,granada,,1,,,,,1,6/5/2026 1:02pm,Fisioterapia Mila Mesas - Centro de Fisioterapia y Shiatsu en Granada - Email,,,Ana,18/5/2026,18/5/2026,23,,,May 2026
Fisioterapia en Granada Carrillo,Pendiente,,683 33 23 96,,https://fisioterapiacarrillo.com,Elena,granada,,0,,,,,0,6/5/2026 1:02pm,,,,Ana,,,,,,May 2026
Miguel Peña | Fisioterapia y Osteopatía Granada,Pendiente,Llamada,606 61 05 16,,https://www.miguelpenaosteopata.com/,Miguel,granada,,0,,,,,0,6/5/2026 1:02pm,,,,Ana,,,,,,May 2026
Fisioterapia Avanzada en Granada | Salvador Mora,Contactado,Email,615 32 44 08,info@salvadormora.es,https://www.salvadormora.es/,,granada,,1,,,,,1,6/5/2026 1:02pm,Fisioterapia Avanzada en Granada | Salvador Mora - Email,,,Ana,18/5/2026,18/5/2026,23,,,May 2026
Centro de Fisioterapia Jorge Hernández,Contactado,Llamada,672 72 40 90,,https://jorgehernandezfisio.es/,Jorge Hernández. No interesado ahora mismo,granada,,1,,,,,1,6/5/2026 1:02pm,Centro de Fisioterapia Jorge Hernández - Llamada,,,Ana,18/5/2026,18/5/2026,23,,,May 2026
Laura Flores Belleza y Bienestar,Pendiente,,614 10 95 05,,https://laurafloresbienestar.com/,,churriana,,0,,,,,0,6/5/2026 12:57pm,,,,Ana,,,,,,May 2026
Amarilys Centro de Estética,Pendiente,,607 88 49 02,esteticamarilis@gmail.com,https://www.amarilysestetica.es/,,churriana,,0,,,,,0,6/5/2026 12:57pm,,,,Ana,,,,,,May 2026
Kimo Functional Center,No lo coge,Llamada,685 16 13 77,kimosportcenter@gmail.com,https://www.kimofunctionalcenter.es/,Stephan y Ghandi,ogijares,,1,,,,,1,6/5/2026 12:57pm,Kimo Functional Center - Llamada,,,Ana,18/5/2026,18/5/2026,23,,,May 2026
Centro Deportivo Linea,Respondió,Llamada,958 50 30 94,,https://centrodeportivolinea.es/,"Hablo con Samuel, mañana llamo otra vez",ogijares,,1,,,,,1,6/5/2026 12:57pm,Centro Deportivo Linea - Llamada,,,Ana,18/5/2026,18/5/2026,23,,,May 2026
Fisioterapia y Pilates en Churriana de la Vega | Cuidate,Contactado,Email,697 88 04 13,cuidatepilatesstudio@gmail.com,https://centrocuida-te.es/,,churriana,,1,,,,,1,6/5/2026 12:54pm,Fisioterapia y Pilates en Churriana de la Vega | Cuidate - Email,,,Ana,18/5/2026,18/5/2026,23,,,May 2026
Fisioterapia y Osteopatía Vega | Fisioterapeuta y Osteópata en Granada,Pendiente,,673 17 94 82,vega.fisioterapiayosteopatia@gmail.com,,,churriana,,0,,,,,0,6/5/2026 12:54pm,,,,Ana,,,,,,May 2026
Manuel Cuenca Physiotherapy & Osteopathy,Pendiente,,670 83 94 68,,https://www.manuelcuencafisioterapia.com/en/,,churriana,,0,,,,,0,6/5/2026 12:54pm,,,,Ana,,,,,,May 2026
Kinesis Physiotherapy Center,Pendiente,,652 49 18 85,,https://www.kinesis.es/es/,,churriana,,0,,,,,0,6/5/2026 12:54pm,,,,Ana,,,,,,May 2026
Asana Fisioterapia y Podología,Pendiente,,952 62 33 29,asanafisiopodo@gmail.com,,,churriana,,0,,,,,0,6/5/2026 12:54pm,,,,Ana,,,,,,May 2026
María José Cebrián Fisioterapia Avanzada,Pendiente,,640 25 84 09,,,,churriana,,0,,,,,0,6/5/2026 12:54pm,,,,Ana,,,,,,May 2026
"Osteopatía, Fisioterapia, Masaje Tailandés Los Cahorros",Pendiente,,626 73 85 97,,,,monachil,,0,,,,,0,6/5/2026 12:51pm,,,,Ana,,,,,,May 2026
Fisiodep,Pendiente,,691 55 72 89,,,,cenes,,0,,,,,0,6/5/2026 12:44pm,,,,Ana,,,,,,May 2026
Clínica de Osteopatía y Fisioterapia Javier Pérez Alguacil - Cenes de la Vega,Contactado,Email,625 38 00 03,info@osteopatiacenes.es,https://www.osteopatiacenes.es/,,cenes,,1,,,,,1,6/5/2026 12:44pm,Clínica de Osteopatía y Fisioterapia Javier Pérez Alguacil - Cenes de la Vega - Email,,,Ana,15/5/2026,15/5/2026,26,,,May 2026
Body formas,Pendiente,,617 28 82 94,gimnasiobodyformas@gmail.com,gimnasiobodyformas@gmail.com,,maracena,,0,,,,,0,6/5/2026 12:30pm,,,,Ana,,,,,,May 2026
GOfit Maracena,Pendiente,,911 19 02 02,recepcion.madrid@go-fit.es,recepcion.madrid@go-fit.es,,maracena,,0,,,,,0,6/5/2026 12:30pm,,,,Ana,,,,,,May 2026
Fascium Fisioterapia,Pendiente,,671 80 30 62,nicolas.lautaro@docfav.com,nicolas.lautaro@docfav.com,,monachil,,0,,,,,0,6/5/2026 12:28pm,,,,Ana,,,,,,May 2026