Nombre,Estado,Canal,Teléfono,Email,Web,Notas,Ciudad,Carencias
ARTECSO Arquitectura e Ingeniería,Pendiente,,958 973 935,info@artecso.es,artecso.es,,Granada,Sin blog ni SEO local. No aparece en búsquedas de arquitecto en Granada. Sin captación de leads.
DTR Studio,Pendiente,,958 222 957,dtr@dtr-studio.es,dtr-studio.es,,Granada,Sin funnel bilingüe. Tráfico internacional sin sistema de captación. Sin seguimiento automático de leads.
Instituto Kelington,Pendiente,,958 200 308,info@kelington.es,kelington.es,,Granada,Sin matrícula online. Sin respuesta automática fuera de horario. Web desactualizada para 30 años de academia.
IML Granada,Pendiente,,958 225 898,info@imlgranada.com,imlgranada.com,,Granada,Web muy antigua (desde 1954). Sin matrícula online. Sin respuesta automática. No conecta con alumnos jóvenes.
Inlingua Granada,Pendiente,,958 216 457,granada@inlingua.es,inlinguagranada.es,,Granada,3 sedes sin sistema unificado de captación. Sin respuesta automática fuera de horario. Web corporativa genérica.
Be English Granada,Pendiente,,958 056 506,info@be-english.es,be-english.es,,Granada,Sin respuesta automática a consultas. Sin sistema de clase de prueba online. Pierde alumnos que no reciben respuesta rápida.
Gestoría Gispegra,Pendiente,,958 124 636,gispegra@economistas.org,gestoriagispegra.com,,Granada,Web estática sin respuestas a preguntas frecuentes. Sin chatbot. Sin captación automatizada de leads.
Gestoría Luvic,Pendiente,,958 372 729,info@gestorialuvic.com,gestorialuvic.es,,Granada,Onboarding de nuevos clientes 100% manual. Sin recogida automatizada de documentos. Tiempo perdido en idas y venidas.
JM Santander Asesoría,Pendiente,,670 605 385,jm@jmsantander.com,jmsantander.com,,Granada,Profesional independiente sin automatización. Tiempo billable perdido en tareas repetitivas. Sin sistema de captación de nuevos clientes.
MJ Asesores,Pendiente,,958 076 152,grupo@mjasesores.es,mjasesores.es,,Granada,Sin chatbot para resolver dudas frecuentes. Sin pre-cualificación automática de clientes. Sin lead nurturing.
Inmobiliaria Gestión Granada,Pendiente,,958 272 727,info@inmobiliariagestiongranada.com,inmobiliariagestiongranada.com,,Granada,Sin seguimiento automático de leads. Pierde compradores que no reciben respuesta en 30 minutos.
Inmobiliaria Granada Oeste,Pendiente,,858 704 423,info@granadaoeste.es,inmobiliariagranadaoeste.es,,Granada,Sin respuesta rápida automatizada. Agencia pequeña que pierde frente a portales grandes por velocidad de respuesta.
Dacisa Inmobiliaria,Pendiente,,958 273 570,info@dacisa.com,dacisa.com,,Granada,Sin visitas virtuales. Sin alertas automáticas de propiedades. Sin seguimiento de compradores potenciales.
Violón Alminares,Pendiente,,958 133 662,info@violonalminares.com,violonalminares.com,,Granada,Sin herramienta de valoración online. No capta propietarios que buscan tasación antes de llamar.
Velgar Catering,Pendiente,,625 982 470,holavelgar@gmail.com,cateringvelgar.es,,Granada,Email de Gmail poco profesional para clientes corporativos. Sin formulario de presupuesto automatizado.
La Borraja Catering,Pendiente,,958 165 291,info@laborraja.com,laborraja.com,,Granada,Sin sistema automático de presupuestos. Proceso de captación manual y lento para un servicio de alto ticket.
Escuela Flamenca Mariquilla,Pendiente,,958 292 310,mariquilladanza@hotmail.com,mariquilla.com,,Granada,Email de Hotmail. Web muy desactualizada. Sin preinscripción online. No atrae alumno internacional.
Escuela de Danza Lucía Guarnido,Pendiente,,958 255 662,info@luciaguarnido.com,luciaguarnido.com,,Granada,Gestión 100% manual por la propia Lucía. Sin sistema de reserva de clases. Sin recordatorios automáticos.
Clínica Veterinaria Salón,Pendiente,,611 156 511,clinicaveterinariasalon@gmail.com,clinicaveterinariasalon.es,,Granada,Email de Gmail. Sin citas online. Clientes tienen que llamar en horario de consulta.
Clínica Argos Veterinaria,Pendiente,,958 412 003,contacto@argosveterinaria.com,argosveterinaria.com,,Maracena (Granada),Dos clínicas sin recordatorios automáticos de vacunas y revisiones. Pierde visitas recurrentes.
NOS Studio Pilates,Pendiente,,622 889 289,nospilatesestudio@gmail.com,nospilates.es,,Granada,Sin recepción fija y sin bot de reservas. Gmail. Pierde alumnos que escriben y no reciben respuesta rápida.
Sulá Pilates,Pendiente,,671 158 592,info@sulapilates.com,sulapilates.com,,Granada,Solo en castellano. Pierde clientes internacionales del Realejo. Sin SEO en inglés.
Kore Studio Pilates,Pendiente,,629 707 319,info@korestudiopilates.es,korestudiopilates.es,,Granada,Sin SEO específico para pilates con máquinas. Sin onboarding automatizado de nuevos alumnos.
Fran Ménez Fotógrafo,Pendiente,,652 592 145,franmenez@franmenez.com,franmenez.com,,Granada,Sin SEO por localizaciones de boda en Granada. Sin respuesta automática a presupuestos. Depende del boca a boca.
Diana Luján Fotografía,Pendiente,,609 303 055,dianalujanfotografia@hotmail.com,dianalujanfoto.com,,Granada,Email de Hotmail resta profesionalidad. Sin respuesta automática. Imagen no está a la altura del trabajo.
IMG Creativos,Pendiente,,615 108 676,info@imgcreativos.es,imgcreativos.es,,Granada,Sin seguimiento automático de presupuestos enviados. Pierde clientes por falta de seguimiento post-consulta.
Miguel Moba Fotógrafo,Pendiente,,653 477 679,info@miguelmoba.com,miguelmoba.com,,Granada,Sin SEO para bodas en localizaciones concretas de Granada. Depende de recomendaciones para nuevos clientes.
Artesano de la Luz,Pendiente,,648 828 232,info@artesanodelaluz.com,artesanodelaluz.com,,Granada,Sin SEO local para Granada. Solo le encuentran si ya saben su nombre. Sin página específica para bodas en Granada.
Cocobolo Interiorismo,Pendiente,,633 444 717,cocobolointeriorismo@gmail.com,cocobolointeriorismo.com,,Granada,Email de Gmail. Sin email profesional. Sin formulario que cualifique el proyecto y presupuesto del cliente.
Advance Interiorismo,Pendiente,,958 260 000,info@advanceinteriorismo.com,advanceinteriorismo.com,,Granada,Sin SEO. Sin casos de proyecto documentados en blog. Sin formulario de captación que cualifique leads.
